,source,sum_sq,df,F,PR(>F),metric
0,C(engagement),10963.408333333342,1.0,28.661019750309713,4.412338353924635e-07,lifetime
1,C(algo),13760.208333333341,1.0,35.9725361693369,2.3264713420035785e-08,lifetime
2,C(engagement):C(algo),8052.408333333374,1.0,21.05095671548852,1.13926789253614e-05,lifetime
3,Residual,44372.3,116.0,,,lifetime
